{
  "images": 10,
  "tp": 54,
  "fp": 13,
  "fn": 14,
  "mean_pck": 0.6273088023088024,
  "mean_kpt_dist_norm": 0.11008464224119006
}